{"cameraMode":{"drawMode":0,"name":"Shaded","section":"Shading Mode"},"sceneLighting":false,"audioPlay":false,"sceneViewState":{"m_AlwaysRefresh":false,"showFog":true,"showSkybox":false,"showFlares":true,"showImageEffects":true,"showParticleSystems":true,"showVisualEffectGraphs":true,"m_FxEnabled":true},"in2DMode":false,"pivot":{"x":701.05224609375,"y":0.6897633075714111,"z":606.4861450195313},"rotation":{"x":0.09585216641426087,"y":0.0029861864168196918,"z":-0.00028755460516549647,"w":0.9953911900520325},"size":2.0026488304138185,"orthographic":true}